date,respiratory_visits_index,otc_cold_flu_index,school_absence_index,symptom_search_index,wastewater_proxy_index,reporting_lag_days,event_label,composite_signal_mean,respiratory_visits_index_z,respiratory_visits_index_contribution,otc_cold_flu_index_z,otc_cold_flu_index_contribution,school_absence_index_z,school_absence_index_contribution,symptom_search_index_z,symptom_search_index_contribution,wastewater_proxy_index_z,wastewater_proxy_index_contribution,risk_score,alert_flag,explanation
2025-01-01,1.000061507667874,0.8779427398618909,1.020140834599762,1.1054904468715991,0.9197745077952902,2,0,0.9846820073592832,-0.7321423966487298,0.0,-0.43781170052035606,0.0,0.31992423564036915,0.31992423564036915,0.13287425475425702,0.13287425475425702,-0.5227666728251327,0.0,0.09055969807892524,0,"top contributors: school_absence_index=0.32, symptom_search_index=0.13"
2025-01-02,1.033570212140844,0.8862450061689335,1.0831514985658306,1.124028642721739,0.9429010483964929,0,0,1.013979281598768,-0.259646089910304,0.0,-0.3067481087764473,0.0,1.4521279596414307,1.4521279596414307,0.5176804225202238,0.5176804225202238,-0.1567599649140329,0.0,0.39396167643233093,0,"top contributors: school_absence_index=1.45, symptom_search_index=0.52"
2025-01-03,1.022832038677953,0.954281381584524,1.0399483571138652,1.1198035866959772,0.8540473110043413,1,0,0.998182535015332,-0.41106189013693967,0.0,0.7673070228494853,0.7673070228494853,0.6758346378189446,0.6758346378189446,0.4299789206581851,0.4299789206581851,-1.562982558655856,0.0,0.374624116265323,0,"top contributors: otc_cold_flu_index=0.77, school_absence_index=0.68"
2025-01-04,1.008493228245534,0.9178225939016832,1.025743831948041,1.1168615018167625,1.0390610484716143,0,0,1.021596440876727,-0.6132492047138302,0.0,0.19175096530791405,0.19175096530791405,0.4206013919183228,0.4206013919183228,0.36890866243215104,0.36890866243215104,1.3650934617241035,1.3650934617241035,0.4692708962764983,0,"top contributors: wastewater_proxy_index=1.37, school_absence_index=0.42"
2025-01-05,1.0447180467796051,0.9340439278181696,0.9622810480846192,1.1310902078278842,0.9983382567392386,0,0,1.0140942974499034,-0.10245377890364686,0.0,0.44782878880154503,0.44782878880154503,-0.7197262241235192,0.0,0.664260695427693,0.664260695427693,0.7206038601041765,0.7206038601041765,0.3665386688666829,0,"top contributors: wastewater_proxy_index=0.72, symptom_search_index=0.66"
2025-01-06,1.029699704552932,0.9496085004716526,1.0501592995919855,1.1037614609558164,1.0471391825275962,0,0,1.0360736296199966,-0.3142229698361385,0.0,0.6935386613208169,0.6935386613208169,0.8593094081453445,0.8593094081453445,0.09698486995370371,0.09698486995370371,1.4929401337741688,1.4929401337741688,0.6285546146388068,0,"top contributors: wastewater_proxy_index=1.49, school_absence_index=0.86"
2025-01-07,1.0910917014334842,1.0120845809251289,0.9601751241811176,1.1522940469895224,1.094642804272664,0,0,1.0620576515603837,0.551447375991673,0.551447375991673,1.6798162871502829,1.6798162871502829,-0.7575664044347654,0.0,1.1043988920286534,1.1043988920286534,2.244744932796388,2.244744932796388,1.1160814975933995,0,"top contributors: wastewater_proxy_index=2.24, otc_cold_flu_index=1.68"
2025-01-08,1.1605725139071883,0.9897187748722802,0.9834195123684859,1.1384488682556242,0.9988667071058146,0,0,1.054205275301879,1.5311757122361356,1.5311757122361356,1.3267388544199703,1.3267388544199703,-0.3399008663912899,0.0,0.817007917540375,0.817007917540375,0.7289672544526957,0.7289672544526957,0.8807779477298354,0,"top contributors: respiratory_visits_index=1.53, otc_cold_flu_index=1.33"
2025-01-09,1.0709514257018953,0.974823239527023,1.0739664459134814,1.1771067000277595,0.9076152381856484,0,0,1.0408926098711615,0.2674553193144114,0.2674553193144114,1.0915907284628825,1.0915907284628825,1.2870868354321126,1.2870868354321126,1.6194469584605642,1.6194469584605642,-0.7152024684407149,0.0,0.8531159683339942,0,"top contributors: symptom_search_index=1.62, school_absence_index=1.29"
2025-01-10,1.0630607763126154,0.9250805952448664,1.0662916630572723,1.0962279038005598,0.950956370263188,0,0,1.0203234617357002,0.15619161178402927,0.15619161178402927,0.3063292852195229,0.3063292852195229,1.1491829127662796,1.1491829127662796,-0.05939276689914619,0.0,-0.02927432456538312,0.0,0.3223407619539663,0,"top contributors: school_absence_index=1.15, otc_cold_flu_index=0.31"
2025-01-11,1.113774134812015,0.8793989866116053,1.028643456217422,1.1764892236131483,0.9312239953368174,0,0,1.0259059593182016,0.8712856439211708,0.8712856439211708,-0.4148226849402289,0.0,0.47270313453390583,0.47270313453390583,1.6066297061932349,1.6066297061932349,-0.3415640747104111,0.0,0.5901236969296623,0,"top contributors: symptom_search_index=1.61, respiratory_visits_index=0.87"
2025-01-12,1.0992959364461945,0.9890926068134992,0.9613253487730072,1.1620995610430327,0.9605772194656648,1,0,1.0344781345082796,0.6671328614226799,0.6671328614226799,1.316853862565453,1.316853862565453,-0.7368986557648526,0.0,1.3079366211803365,1.3079366211803365,0.12298776273203658,0.12298776273203658,0.6829822215801011,0,"top contributors: otc_cold_flu_index=1.32, symptom_search_index=1.31"
2025-01-13,1.0762935326332927,0.9812383308394224,1.0086574694160648,1.1338267682343346,0.9821960910133376,1,0,1.0364424384272906,0.3427827852665239,0.3427827852665239,1.1928624629114613,1.1928624629114613,0.1135860064154328,0.1135860064154328,0.7210647842062847,0.7210647842062847,0.4651337040711916,0.4651337040711916,0.5670859485741788,0,"top contributors: otc_cold_flu_index=1.19, symptom_search_index=0.72"
2025-01-14,1.012015529210654,0.9157418320560778,0.989119932994391,1.1029327489162803,0.8694139955164765,0,0,0.977844807738776,-0.5635822831357974,0.0,0.15890305234499394,0.15890305234499394,-0.23747316519300093,0.0,0.07978289913123122,0.07978289913123122,-1.3197853720648534,0.0,0.047737190295245036,0,"top contributors: otc_cold_flu_index=0.16, symptom_search_index=0.08"
2025-01-15,1.043170344142257,0.9387372467659704,1.0337900974779188,1.1481100352870857,0.9771035358263299,0,0,1.0281822518999124,-0.12427747491272913,0.0,0.5219197918782248,0.5219197918782248,0.5651802810113635,0.5651802810113635,1.0175493667502533,1.0175493667502533,0.3845375876440184,0.3845375876440184,0.49783740545677196,0,"top contributors: symptom_search_index=1.02, school_absence_index=0.57"
2025-01-16,1.0647651597229144,0.9390721526942702,1.0903092212971013,1.0001238975923683,0.8744821673357059,1,0,0.9937505197284721,0.18022461691802746,0.18022461691802746,0.527206778856958,0.527206778856958,1.5807411152824464,1.5807411152824464,-2.0542694331553135,0.0,-1.2395751532227184,0.0,0.4576345022114864,0,"top contributors: school_absence_index=1.58, otc_cold_flu_index=0.53"
2025-01-17,0.9481563373703249,0.9299161679474546,1.000360751885476,1.1126575585498286,0.9548885019807479,0,0,0.9891958635467664,-1.4640418135899076,0.0,0.3826659748776697,0.3826659748776697,-0.03549311597210468,0.0,0.28164540816881056,0.28164540816881056,0.032956625140171884,0.032956625140171884,0.1394536016373304,0,"top contributors: otc_cold_flu_index=0.38, symptom_search_index=0.28"
2025-01-18,0.9785802805019252,0.9232919216500788,0.9525580891556832,1.085297209669965,0.9250020838735123,0,0,0.9729459169702328,-1.035042811921643,0.0,0.2780924186676162,0.2780924186676162,-0.8944326883115302,0.0,-0.2862863952445625,0.0,-0.44003368029769035,0.0,0.05561848373352324,0,top contributors: otc_cold_flu_index=0.28
2025-01-19,0.89391604282656,0.8443031433385648,0.9296665286961724,1.0746820393870191,0.9061047459303324,0,0,0.9297345000357298,-2.2288681251832583,0.0,-0.9688626427700643,0.0,-1.3057584603175265,0.0,-0.5066305446852284,0.0,-0.7391079157459057,0.0,0.0,0,no significant deviations
2025-01-20,0.9140715269725596,0.9341325389065018,0.9680304357501732,1.0694923281115882,0.9106768955800194,2,0,0.9592807450641684,-1.9446616191635533,0.0,0.4492276463032984,0.4492276463032984,-0.6164186613088918,0.0,-0.6143558553818097,0.0,-0.6667478740857277,0.0,0.08984552926065968,0,top contributors: otc_cold_flu_index=0.45
2025-01-21,0.8786312158076584,0.7891729244737861,0.9582872561080791,0.9984275065319494,0.8814418798317623,0,0,0.9011921565506468,-2.4443949391605764,0.0,-1.839174944354076,0.0,-0.7914884602929287,0.0,-2.0894822310062597,0.0,-1.1294289146384293,0.0,0.0,0,no significant deviations
2025-01-22,0.9541609221426536,0.8898269889371541,0.9158969729670948,1.015956327328663,0.8737257150476239,0,0,0.929913385284638,-1.379372944021653,0.0,-0.25020119618590203,0.0,-1.5531759813056722,0.0,-1.725628142357778,0.0,-1.2515469658870968,0.0,0.0,0,no significant deviations
2025-01-23,0.9010659242983531,0.8690033778109146,0.9648733336129564,1.0666179234064652,0.8181251294788785,0,0,0.9239371377215136,-2.128049766426212,0.0,-0.5789327938423409,0.0,-0.6731468811342458,0.0,-0.6740212439734675,0.0,-2.1314964418103397,0.0,0.0,0,no significant deviations
2025-01-24,0.9800014663116232,0.8879877295356018,0.9141825833328346,1.0542327781784708,0.9007815832798564,0,0,0.9474372281276772,-1.0150030921881326,0.0,-0.27923663475183985,0.0,-1.5839808991739153,0.0,-0.9311056070331838,0.0,-0.8233536864806237,0.0,0.0,0,no significant deviations
2025-01-25,0.9797530330275992,0.9406912504423084,1.0064420302173658,1.0439266967533078,0.9966259727489984,0,0,0.993487796637916,-1.0185061762678806,0.0,0.5527666390679397,0.5527666390679397,0.0737780064169607,0.0737780064169607,-1.1450338517210867,0.0,0.6935048037825369,0.6935048037825369,0.26400988985348744,0,"top contributors: wastewater_proxy_index=0.69, otc_cold_flu_index=0.55"
2025-01-26,0.9713714204657472,0.925724851057004,1.0078650080801488,0.9467869562203428,1.0074555337625772,2,0,0.9718407539171641,-1.1366928099284581,0.0,0.31649981909760505,0.31649981909760505,0.09934670755430422,0.09934670755430422,-3.161409749054629,0.0,0.8648962817840603,0.8648962817840603,0.2561485616871939,0,"top contributors: wastewater_proxy_index=0.86, otc_cold_flu_index=0.32"
2025-01-27,0.8667104284207828,0.8011250444137997,1.013664257592761,1.0787667994586199,0.9804199282043322,2,0,0.9481372916180592,-2.612486427694733,0.0,-1.6504929977194134,0.0,0.20355021028404358,0.20355021028404358,-0.421841232817846,0.0,0.437023684780006,0.437023684780006,0.12811477901280993,0,"top contributors: wastewater_proxy_index=0.44, school_absence_index=0.20"
2025-01-28,0.9800425350242702,0.7826504468582286,0.9575265710839599,1.1278477213545284,0.9570763879325392,0,0,0.9610287324507052,-1.0144239944476081,0.0,-1.9421419309272534,0.0,-0.8051567882058573,0.0,0.596954858121221,0.596954858121221,0.06758268306681386,0.06758268306681386,0.13290750823760694,0,"top contributors: symptom_search_index=0.60, wastewater_proxy_index=0.07"
2025-01-29,1.0210360212838825,0.9180672009404449,1.0043113568096915,1.131295251281114,0.8966526349283621,0,0,0.994272493048699,-0.43638699890743354,0.0,0.19561245033866498,0.19561245033866498,0.03549311597210069,0.03549311597210069,0.668516880123374,0.668516880123374,-0.8886995079471849,0.0,0.17992448928682792,0,"top contributors: symptom_search_index=0.67, otc_cold_flu_index=0.20"
2025-01-30,1.0470325140347445,0.8376063245204094,0.9864007521585154,1.0990630411872675,1.0121577782515605,0,0,0.9964520820304996,-0.06981816235802583,0.0,-1.074581863896602,0.0,-0.28633261968579254,0.0,-0.0005424687531816407,0.0,0.9393152385525609,0.9393152385525609,0.18786304771051218,0,top contributors: wastewater_proxy_index=0.94
2025-01-31,0.98349321172473,0.8993797305676242,0.9844475175439008,1.0065392837837484,0.9471936222779516,1,0,0.964210673179591,-0.9657670253895889,0.0,-0.09939699612923598,0.0,-0.32142921072799,0.0,-1.92110220399234,0.0,-0.08882456281865218,0.0,0.0,0,no significant deviations
2025-02-01,1.0547452714637242,0.9536294285360544,0.9947506413470276,1.17152233059256,0.9565359856710988,0,0,1.026236731522093,0.03893714338355887,0.03893714338355887,0.7570149766754978,0.7570149766754978,-0.136298085224759,0.0,1.5035295402220283,1.5035295402220283,0.059030134889882645,0.059030134889882645,0.47170235903419355,0,"top contributors: symptom_search_index=1.50, otc_cold_flu_index=0.76"
2025-02-02,1.047612977543232,0.8405873844529654,0.9642808548016658,1.1204497600982717,0.9549620022756752,0,0,0.985578595834362,-0.061633218527148655,0.0,-1.0275214098572976,0.0,-0.6837928047654602,0.0,0.44339184997769854,0.44339184997769854,0.03411986011944154,0.03411986011944154,0.09550234201942802,0,"top contributors: symptom_search_index=0.44, wastewater_proxy_index=0.03"
2025-02-03,1.0725809582121177,0.8274169514129045,0.965756862255894,0.99036935928104,0.9828117870609534,0,0,0.967787183644582,0.29043287409906127,0.29043287409906127,-1.2354362363895128,0.0,-0.6572712442684885,0.0,-2.2567490345281866,0.0,0.4748778714911132,0.4748778714911132,0.1530621491180349,0,"top contributors: wastewater_proxy_index=0.47, respiratory_visits_index=0.29"
2025-02-04,1.1804965172074957,0.9545810612435954,1.0614983846541377,1.1761388716208048,0.963910206543512,0,0,1.0673250082539092,1.8121181754827622,1.8121181754827622,0.7720379109031689,0.7720379109031689,1.0630551477720038,1.0630551477720038,1.5993572828877123,1.5993572828877123,0.17573649194792565,0.17573649194792565,1.0844610017987146,0,"top contributors: respiratory_visits_index=1.81, symptom_search_index=1.60"
2025-02-05,1.0989052985361605,0.9507167170925934,1.0269915999945969,1.0728235220877076,0.9873801109129976,1,0,1.0273634497248112,0.6616245920739804,0.6616245920739804,0.7110335049453336,0.7110335049453336,0.44302184490324753,0.44302184490324753,-0.545208674156734,0.0,0.5471773650725915,0.5471773650725915,0.47257146139903056,0,"top contributors: otc_cold_flu_index=0.71, respiratory_visits_index=0.66"
2025-02-06,1.1464584360563363,0.9409690113434324,1.0466992546969107,1.0906896343615475,0.9414207573458042,0,0,1.0332474187608065,1.3321572851606984,1.3321572851606984,0.5571515070065229,0.5571515070065229,0.7971377776809503,0.7971377776809503,-0.17435326554257824,0.0,-0.18018744001961173,0.0,0.5372893139696343,0,"top contributors: respiratory_visits_index=1.33, school_absence_index=0.80"
2025-02-07,1.1977812449986205,0.9576199643291342,1.0798492913528956,1.1335080429240847,0.9790538657406512,0,0,1.0695624818690772,2.0558449972962825,2.0558449972962825,0.8200115049342946,0.8200115049342946,1.3927924270731427,1.3927924270731427,0.7144488510163051,0.7144488510163051,0.41540402130527077,0.41540402130527077,1.079700360325059,0,"top contributors: respiratory_visits_index=2.06, school_absence_index=1.39"
2025-02-08,1.126381729992297,0.9126674457722592,0.970455576014088,1.2479610471394889,1.1117648744751685,0,0,1.0738461346786603,1.0490616055177073,1.0490616055177073,0.11036930338253667,0.11036930338253667,-0.5728426590069977,0.0,3.0902044152288566,3.0902044152288566,2.5157233145399824,2.5157233145399824,1.3530717277338167,0,"top contributors: symptom_search_index=3.09, wastewater_proxy_index=2.52"
2025-02-09,1.1484994238244044,0.8775844445489233,1.0066770576991704,1.1462253479225477,0.99217101138407,0,0,1.0342314570758229,1.360936648543379,1.360936648543379,-0.44346792363894083,0.0,0.07800108507369488,0.07800108507369488,0.978428012760495,0.978428012760495,0.6229994147074502,0.6229994147074502,0.6080730322170038,0,"top contributors: respiratory_visits_index=1.36, symptom_search_index=0.98"
2025-02-10,1.1548052394652293,0.9401646800679124,1.0416544098899805,1.1786133243366828,0.9796361911430648,2,0,1.0589747689805742,1.4498530852760065,1.4498530852760065,0.5444539444347012,0.5444539444347012,0.7064897553003315,0.7064897553003315,1.6507206773955934,1.6507206773955934,0.42462005612628945,0.42462005612628945,0.9552275037065844,0,"top contributors: symptom_search_index=1.65, respiratory_visits_index=1.45"
2025-02-11,1.1446406747509448,0.8930306756742646,1.0454095844857187,1.2583845052595064,1.0122896655781677,0,0,1.0707510211497204,1.3065255719435442,1.3065255719435442,-0.19962624772491938,0.0,0.7739644079060961,0.7739644079060961,3.30656910392119,3.30656910392119,0.941402522036031,0.941402522036031,1.2656923211613724,0,"top contributors: symptom_search_index=3.31, respiratory_visits_index=1.31"
2025-02-12,1.0697700288625132,0.8507419080078232,1.008428432075655,1.2379623239244055,1.0136197831952118,0,0,1.0361044952131215,0.25079679275601285,0.25079679275601285,-0.8672171892592642,0.0,0.10947056129193684,0.10947056129193684,2.8826561514144036,2.8826561514144036,0.9624533129236043,0.9624533129236043,0.8410753636771915,0,"top contributors: symptom_search_index=2.88, wastewater_proxy_index=0.96"
2025-02-13,1.1223459429649143,0.9480613055819088,1.057436635030946,1.1230838333518158,0.9138349159090348,0,0,1.032952526567724,0.9921541692197944,0.9921541692197944,0.6691138944104106,0.6691138944104106,0.990071818286476,0.990071818286476,0.4980685640714009,0.4980685640714009,-0.6167682146082903,0.0,0.6298816891976162,0,"top contributors: respiratory_visits_index=0.99, school_absence_index=0.99"
2025-02-14,1.1725741063524981,0.908573123264686,1.016732265185896,1.100478380415248,0.9496218220190902,0,0,1.0295959394474834,1.7004066089412886,1.7004066089412886,0.045734347846929035,0.045734347846929035,0.25867753958947065,0.25867753958947065,0.02883640224433915,0.02883640224433915,-0.050395235720828005,0.0,0.4067309797244055,0,"top contributors: respiratory_visits_index=1.70, school_absence_index=0.26"
2025-02-15,1.012642766093576,0.9203264268316408,0.9514647144468856,1.024347761954627,0.9959137920467382,0,0,0.9809390922746936,-0.554737801819912,0.0,0.2312776830486523,0.2312776830486523,-0.9140789329169797,0.0,-1.551443133925496,0.0,0.6822336448674626,0.6822336448674626,0.18270226558322297,0,"top contributors: wastewater_proxy_index=0.68, otc_cold_flu_index=0.23"
2025-02-16,1.1183361991356593,0.8388921982429086,0.954452981327664,1.043362873810226,0.9535121202943528,0,0,0.981711274562162,0.9356139603371005,0.9356139603371005,-1.05428243933383,0.0,-0.8603844203095865,0.0,-1.156737393305161,0.0,0.01117364693545083,0.01117364693545083,0.1893575214545103,0,"top contributors: respiratory_visits_index=0.94, wastewater_proxy_index=0.01"
2025-02-17,1.0674287698387652,0.8443198083959224,1.015949376696753,1.0962364625553087,0.9365743433074502,0,0,0.9921017521588398,0.2177833934247656,0.2177833934247656,-0.9685995601137005,0.0,0.24461024991033273,0.24461024991033273,-0.05921510874716607,0.0,-0.256888061956118,0.0,0.09247872866701967,0,"top contributors: school_absence_index=0.24, respiratory_visits_index=0.22"
2025-02-18,1.0169036601112411,0.8171318745106133,0.9950418481665436,1.081423307543521,0.999487191320398,0,0,0.9819975763304634,-0.4946561985942592,0.0,-1.3978014352790153,0.0,-0.13106555116214277,0.0,-0.3666988282357753,0.0,0.7387872006611078,0.7387872006611078,0.14775744013222156,0,top contributors: wastewater_proxy_index=0.74
2025-02-19,1.1385692412789297,0.8140517964203635,0.8943117574206403,1.0531078664360654,0.8804404103951029,0,0,0.9560962143902202,1.2209140886810603,1.2209140886810603,-1.446425037850932,0.0,-1.9410287650538618,0.0,-0.9544559362760763,0.0,-1.1452784330729424,0.0,0.24418281773621206,0,top contributors: respiratory_visits_index=1.22
2025-02-20,1.0688309533014806,0.8612729732755415,1.0192674760031188,1.097334270381356,0.9125680753737284,0,0,0.9918547496670452,0.23755516669750248,0.23755516669750248,-0.700968699048121,0.0,0.30423133870406294,0.30423133870406294,-0.03642738841560212,0.0,-0.6368175657746165,0.0,0.10835730108031308,0,"top contributors: school_absence_index=0.30, respiratory_visits_index=0.24"
2025-02-21,0.9659510335911266,0.8075921042707241,0.9858788205919492,0.985181850044758,0.8783463539550792,0,0,0.9245900324907274,-1.213124078150649,0.0,-1.5484008626896852,0.0,-0.2957109189472984,0.0,-2.3644286364485194,0.0,-1.1784195204932222,0.0,0.0,0,no significant deviations
2025-02-22,1.0281640598091113,0.8621100883003904,1.0139528436931289,1.0250298323224765,0.9767783604761348,0,0,0.9812070369202484,-0.33587664106364945,0.0,-0.6877535963518353,0.0,0.20873565409570352,0.20873565409570352,-1.5372850741811401,0.0,0.3793912771140042,0.3793912771140042,0.11762538624194155,0,"top contributors: wastewater_proxy_index=0.38, school_absence_index=0.21"
2025-02-23,1.0552727275540474,0.8612945701302875,0.9448710889422658,1.072269002843173,0.8046699290584962,0,0,0.947675463705654,0.0463746453271345,0.0463746453271345,-0.7006277606526635,0.0,-1.0325561379027748,0.0,-0.5567190944353204,0.0,-2.344441978934559,0.0,0.0092749290654269,0,top contributors: respiratory_visits_index=0.05
2025-02-24,1.0224763724288504,0.9479988844314766,0.9501294904949008,1.066572685200424,0.8708422024436446,1,0,0.9716039269998592,-0.4160770344636347,0.0,0.6681284839364667,0.6681284839364667,-0.9380708326313949,0.0,-0.6749602749797229,0.0,-1.297182193982894,0.0,0.13362569678729336,0,top contributors: otc_cold_flu_index=0.67
2025-02-25,1.0748634810570052,0.781863125094731,0.9203007004585696,1.1019029174714656,0.8819729323169511,2,0,0.9521806312797444,0.32261805198695587,0.32261805198695587,-1.9545709731147596,0.0,-1.4740478409004463,0.0,0.05840619694685697,0.05840619694685697,-1.1210243384770533,0.0,0.07620484978676256,0,"top contributors: respiratory_visits_index=0.32, symptom_search_index=0.06"
2025-02-26,1.0492225479543376,0.9027790086650184,1.0717513897861797,1.0703147969715314,0.9475060295356644,0,0,1.0083147545825462,-0.03893714338355887,0.0,-0.045734347846929035,0.0,1.247285718631424,1.247285718631424,-0.5972834772140498,0.0,-0.08388032347500067,0.0,0.24945714372628477,0,top contributors: school_absence_index=1.25
2025-02-27,1.1003395578583186,0.8626096277772005,0.9694704208920152,1.0991153084991323,0.9521000816954376,3,0,0.9967269993444208,0.6818486575305106,0.6818486575305106,-0.6798676245427798,0.0,-0.5905443657931738,0.0,0.0005424687531816407,0.0005424687531816407,-0.011173646935449073,0.0,0.13647822525673844,0,"top contributors: respiratory_visits_index=0.68, symptom_search_index=0.00"
2025-02-28,1.1553871981367436,0.8765212614812053,1.047231861960246,1.0924464973142864,1.0002363541442982,1,0,1.0343646346073558,1.458059111957424,1.458059111957424,-0.4602518458094707,0.0,0.8067079026252462,0.8067079026252462,-0.1378852237979247,0.0,0.7506436483500828,0.7506436483500828,0.6030821325865505,0,"top contributors: respiratory_visits_index=1.46, school_absence_index=0.81"
2025-03-01,1.0675839521842967,0.8158637542188749,0.9657918343117984,1.024874646478075,0.8613185967238812,0,0,0.9470865567833849,0.21997157366890996,0.21997157366890996,-1.4178205955964311,0.0,-0.6566428507642988,0.0,-1.540506340725006,0.0,-1.4479052803727648,0.0,0.04399431473378199,0,top contributors: respiratory_visits_index=0.22
2025-03-02,1.1301569305194799,0.8769903093637672,1.0065536476933241,1.0016324401074124,0.987523750451524,1,0,1.0005714156271015,1.1022945888379005,1.1022945888379005,-0.4528472290560568,0.0,0.0757835990260416,0.0757835990260416,-2.022955897101493,0.0,0.5494506421497161,0.5494506421497161,0.34550576600273164,0,"top contributors: respiratory_visits_index=1.10, wastewater_proxy_index=0.55"
2025-03-03,1.1154675564384997,0.9488029178579922,0.9414623681699072,1.1498099485927091,0.9453157679448371,0,0,1.0201717118007891,0.8951640801916769,0.8951640801916769,0.6808213445198357,0.6808213445198357,-1.0938055536306015,0.0,1.0528352775238419,1.0528352775238419,-0.11854397888921166,0.0,0.5257641404470709,0,"top contributors: symptom_search_index=1.05, respiratory_visits_index=0.90"
2025-03-04,1.1629023520073551,0.9186533334113794,1.0009547797723612,1.125976618332197,0.9362420970047296,0,0,1.0289458361056043,1.5640280685101688,1.5640280685101688,0.20486542103815292,0.20486542103815292,-0.024819357859444363,0.0,0.5581154807978235,0.5581154807978235,-0.26214627923864836,0.0,0.465401794069229,0,"top contributors: respiratory_visits_index=1.56, symptom_search_index=0.56"
2025-03-05,1.113663093790891,0.9369686926489418,1.0628616064277,1.1608251157500786,1.0051921187786648,0,0,1.055902125479255,0.869719887404983,0.869719887404983,0.49400054113404934,0.49400054113404934,1.0875501248364827,1.0875501248364827,1.2814823527513335,1.2814823527513335,0.8290748815502796,0.8290748815502796,0.9123655575354256,0,"top contributors: symptom_search_index=1.28, school_absence_index=1.09"
2025-03-06,1.1584865062130578,0.9270802761967071,0.979656040396116,1.051645365603887,0.9396639724861324,0,0,1.01130643217918,1.5017615362240593,1.5017615362240593,0.3378972159745016,0.3378972159745016,-0.40752460996246415,0.0,-0.9848137631722035,0.0,-0.20799077879320663,0.0,0.36793175043971216,0,"top contributors: respiratory_visits_index=1.50, otc_cold_flu_index=0.34"
2025-03-07,1.18947223366253,1.0062259099612427,1.077530117948762,1.1404469875889538,0.8877235546159369,1,0,1.060279760755485,1.938682091994547,1.938682091994547,1.5873284734648432,1.5873284734648432,1.3511204845876872,1.3511204845876872,0.8584838329753636,0.8584838329753636,-1.0300134790326234,0.0,1.1471229766044884,0,"top contributors: respiratory_visits_index=1.94, otc_cold_flu_index=1.59"
2025-03-08,1.2530227149086326,0.952185536560354,1.0515317732857443,1.1324846423493595,0.9771397883360357,0,0,1.0732728910880254,2.8347885858894317,2.8347885858894317,0.7342209995339827,0.7342209995339827,0.883970627839903,0.883970627839903,0.6932056374677489,0.6932056374677489,0.3851113293877456,0.3851113293877456,1.1062594360237623,0,"top contributors: respiratory_visits_index=2.83, school_absence_index=0.88"
2025-03-09,1.2708228520021685,0.8456724425165203,0.9980228388153608,1.1197528495823157,0.922848508395582,1,0,1.0314238982623891,3.085783041461945,3.085783041461945,-0.947246223614419,0.0,-0.07750178113710939,0.0,0.4289257462053184,0.4289257462053184,-0.474116731650143,0.0,0.7029417575334527,0,"top contributors: respiratory_visits_index=3.09, symptom_search_index=0.43"
2025-03-10,1.1493853620052492,0.9210895986168988,1.0197169849577041,1.0363046760787682,0.9652912599241432,0,0,1.0183575763165529,1.3734290001586258,1.3734290001586258,0.24332548199828039,0.24332548199828039,0.3123083161602495,0.3123083161602495,-1.3032477680111367,0.0,0.19759340561308658,0.19759340561308658,0.42533124078604845,0,"top contributors: respiratory_visits_index=1.37, school_absence_index=0.31"
2025-03-11,1.17435240300426,0.8548193345585164,1.0196796335835896,1.148383660245028,1.0142284509697224,0,0,1.0422926964722232,1.7254818427785317,1.7254818427785317,-0.8028489614715691,0.0,0.3116371700048653,0.3116371700048653,1.0232291304296346,1.0232291304296346,0.9720862490467261,0.9720862490467261,0.8064868784519517,0,"top contributors: respiratory_visits_index=1.73, symptom_search_index=1.02"
2025-03-12,1.2416272034314262,0.7859255018371016,1.0326602426336775,1.2161920863624511,1.007169206662361,0,0,1.0567148481854036,2.674103857217851,2.674103857217851,-1.8904403288808636,0.0,0.544878545055692,0.544878545055692,2.4307609532359256,2.4307609532359256,0.8603647938653513,0.8603647938653513,1.3020216298749638,0,"top contributors: respiratory_visits_index=2.67, symptom_search_index=2.43"
2025-03-13,1.1018305968294666,0.9151103427381184,1.008280034381372,1.1763662907461967,1.065015924071843,0,0,1.0533206377533992,0.7028733559827826,0.7028733559827826,0.14893405651918376,0.14893405651918376,0.1068040853095425,0.1068040853095425,1.6040779300761545,1.6040779300761545,1.7758621424574361,1.7758621424574361,0.86771031406902,0,"top contributors: wastewater_proxy_index=1.78, symptom_search_index=1.60"
2025-03-14,1.373131237291691,1.1924735661459998,0.9904198940595176,1.3027622783788084,0.9682309547628644,0,1,1.1654035861277765,4.52840324889686,4.52840324889686,4.5275240623189426,4.5275240623189426,-0.21411488476311646,0.0,4.227739693878968,4.227739693878968,0.24411778851744634,0.24411778851744634,2.7055569587224437,1,"top contributors: respiratory_visits_index=4.53, otc_cold_flu_index=4.53"
2025-03-15,1.5223088827966318,1.1630294579444391,1.0040859576224392,1.3774539931883407,0.8928567793402457,0,1,1.1919470141784194,6.631912998307685,6.631912998307685,4.062705128081763,4.062705128081763,0.03144304280779832,0.03144304280779832,5.778151221088497,5.778151221088497,-0.9487737158224521,0.0,3.300842478057149,1,"top contributors: respiratory_visits_index=6.63, symptom_search_index=5.78"
2025-03-16,1.395233373788339,0.9817032303276392,0.9672408780883484,1.3931763764036953,0.9221749183274686,0,1,1.131905755387098,4.840058922547827,4.840058922547827,1.2002015911051587,1.2002015911051587,-0.6306057856584,0.0,6.104508223795582,6.104508223795582,-0.484777145049758,0.0,2.4289537474897136,1,"top contributors: symptom_search_index=6.10, respiratory_visits_index=4.84"
2025-03-17,1.4128191822939082,1.052959522792647,0.9484189370942768,1.1294324855653244,0.9040307887686864,0,1,1.0895321833029687,5.088031194247958,5.088031194247958,2.325087890752778,2.325087890752778,-0.9688068193420264,0.0,0.6298505642459606,0.6298505642459606,-0.771930906705619,0.0,1.6085939298493392,0,"top contributors: respiratory_visits_index=5.09, otc_cold_flu_index=2.33"
2025-03-18,1.3864266860697083,1.1210681264361928,0.9897564730669952,1.3723541672952613,0.8791289809178351,2,1,1.1497468867571985,4.715878430132545,4.715878430132545,3.400283252122136,3.400283252122136,-0.22603552915941721,0.0,5.672291704118579,5.672291704118579,-1.1660334605502212,0.0,2.7576906772746517,1,"top contributors: symptom_search_index=5.67, respiratory_visits_index=4.72"
2025-03-19,1.3724348762535064,1.0895211936624616,1.0190455032991508,1.4079768176409149,0.9522450008831336,2,1,1.1682446783478335,4.518584068362315,4.518584068362315,2.9022681120486977,2.9022681120486977,0.3002428341202267,0.3002428341202267,6.41172803740527,6.41172803740527,-0.008880117794346056,0.0,2.826564610387302,1,"top contributors: symptom_search_index=6.41, respiratory_visits_index=4.52"
2025-03-20,1.3842198712040283,1.0768426492146004,0.9153137217036064,1.2649835551204462,0.8895246909916993,1,1,1.106176897646876,4.684760788012708,4.684760788012708,2.7021184767603317,2.7021184767603317,-1.5636561002408667,0.0,3.4435487274192145,3.4435487274192145,-1.0015082215122901,0.0,2.1660855984384506,0,"top contributors: respiratory_visits_index=4.68, symptom_search_index=3.44"
2025-03-21,1.4673924838561088,1.0253165044482035,0.9704145330394626,1.3796032001972418,0.8154604075427346,1,1,1.1316374258167503,5.85755313907463,5.85755313907463,1.8887018321904088,1.8887018321904088,-0.5735801374874668,0.0,5.822763335423493,5.822763335423493,-2.1736690313110705,0.0,2.713803661337706,1,"top contributors: respiratory_visits_index=5.86, symptom_search_index=5.82"
2025-03-22,1.0693167205686016,0.8534225904658389,0.9393607360565708,1.1057489116733097,0.9432769207743076,0,0,0.9822251759077256,0.2444048269054716,0.2444048269054716,-0.8248986393261709,0.0,-1.1315686171412658,0.0,0.1382393318444246,0.1382393318444246,-0.15081130990457986,0.0,0.07652883174997924,0,"top contributors: respiratory_visits_index=0.24, symptom_search_index=0.14"
2025-03-23,1.0707314592781512,0.8870111174346613,0.9228719218628064,1.0502777009115238,0.8987779587824972,2,0,0.965934031653928,0.2643536379912976,0.2643536379912976,-0.29465390576629086,0.0,-1.427846987491318,0.0,-1.0132030311091456,0.0,-0.8550635742158569,0.0,0.05287072759825952,0,top contributors: respiratory_visits_index=0.26
2025-03-24,1.1020677017348015,0.8719351387271804,0.994356630293854,1.0465129839004101,0.9201048129399496,0,0,0.986995453519239,0.7062167019533997,0.7062167019533997,-0.5326505979202157,0.0,-0.14337785162653763,0.0,-1.0913490566167507,0.0,-0.5175391768201059,0.0,0.14124334039067993,0,top contributors: respiratory_visits_index=0.71
2025-03-25,1.0803997261162157,0.8550920088606014,0.9394923366216424,1.0756111444131604,0.907549026257322,1,0,0.9716288484537884,0.40068300211911906,0.40068300211911906,-0.798544393045812,0.0,-1.1292039594710177,0.0,-0.48734466878599225,0.0,-0.7162503558151849,0.0,0.08013660042382381,0,top contributors: respiratory_visits_index=0.40
2025-03-26,1.0820512672981015,0.794597417207971,1.021889806670789,0.9991643111422086,0.9359320239252512,1,0,0.9667269652488644,0.42397089465751714,0.42397089465751714,-1.7535412782154798,0.0,0.3513505461623001,0.3513505461623001,-2.0741880265023203,0.0,-0.2670535772642701,0.0,0.15506428816396345,0,"top contributors: respiratory_visits_index=0.42, school_absence_index=0.35"
2025-03-27,1.0450146105396922,0.8770580156335578,0.9341654092827668,1.0352348876309294,0.9103317179691236,0,0,0.9603609282112141,-0.0982720212511938,0.0,-0.4517783851314999,0.0,-1.224920566644144,0.0,-1.3254538767533766,0.0,-0.6722107456490615,0.0,0.0,0,no significant deviations
2025-03-28,1.111972340559881,0.8241715358736411,0.9857342867259374,1.1008679127503398,0.9761391725509956,0,0,0.999777049692159,0.8458790773879115,0.8458790773879115,-1.2866699359055753,0.0,-0.2983079679393692,0.0,0.0369221106001745,0.0369221106001745,0.36927532106805117,0.36927532106805117,0.2504153018112274,0,"top contributors: respiratory_visits_index=0.85, wastewater_proxy_index=0.37"
2025-03-29,1.1047981186678812,0.9217763096666454,0.9673972696460128,1.1751261747286472,0.9430354473888224,0,0,1.0224266640196018,0.7447175015822517,0.7447175015822517,0.2541662347929326,0.2541662347929326,-0.6277956723720939,0.0,1.5783362507802803,1.5783362507802803,-0.15463293114891707,0.0,0.5154439974310929,0,"top contributors: symptom_search_index=1.58, respiratory_visits_index=0.74"
2025-03-30,1.201767457363447,0.8136702069015487,0.9535696619119134,1.0611589233546377,0.9500800223017816,0,0,0.9960492543666656,2.1120533959759404,2.1120533959759404,-1.4524489945704697,0.0,-0.8762562976878954,0.0,-0.7873363101621832,0.0,-0.04314363765764472,0.0,0.4224106791951881,0,top contributors: respiratory_visits_index=2.11
2025-03-31,1.1940214898696375,0.8814758965004262,1.0151905340703995,1.0821263169013298,0.9605135847248756,0,0,1.0266655644133338,2.0028298049566833,2.0028298049566833,-0.3820355808303061,0.0,0.2309750270224939,0.2309750270224939,-0.35210612789595214,0.0,0.1219806626046697,0.1219806626046697,0.4711570989167694,0,"top contributors: respiratory_visits_index=2.00, school_absence_index=0.23"
2025-04-01,1.1787928193495034,0.8996320856854365,0.9938006970770076,1.1119088116272609,0.8771681128715639,0,0,1.0122605053221545,1.7880948371185805,1.7880948371185805,-0.09541319617483313,0.0,-0.15336710771100576,0.0,0.26610331139580173,0.26610331139580173,-1.1970666734565412,0.0,0.4108396297028764,0,"top contributors: respiratory_visits_index=1.79, symptom_search_index=0.27"
2025-04-02,1.2320519864287882,0.8454107771535877,1.0324448908612562,1.195561863379362,0.9517479735690664,0,0,1.051443498278412,2.5390865612309255,2.5390865612309255,-0.9513769996016729,0.0,0.5410090083239907,0.5410090083239907,2.0025295810757275,2.0025295810757275,-0.016746202657646873,0.0,1.0165250301261288,0,"top contributors: respiratory_visits_index=2.54, symptom_search_index=2.00"
2025-04-03,1.1995454538604062,1.0088758342050688,1.0143778054343522,1.1274662400861086,0.9565575343901634,1,0,1.06136457359522,2.0807215833839776,2.0807215833839776,1.6291614593509363,1.6291614593509363,0.21637155626981963,0.21637155626981963,0.5890362695939562,0.5890362695939562,0.059371170579593804,0.059371170579593804,0.9149324078356568,0,"top contributors: respiratory_visits_index=2.08, otc_cold_flu_index=1.63"
2025-04-04,1.285629138104745,1.005936312491356,0.9800787598796412,1.2304820803533267,0.9885910281680628,1,0,1.0981434637994263,3.294562091861319,3.294562091861319,1.5827567477264028,1.5827567477264028,-0.399928997675109,0.0,2.7273851700410394,2.7273851700410394,0.5663416597123225,0.5663416597123225,1.6342091338682168,0,"top contributors: respiratory_visits_index=3.29, symptom_search_index=2.73"
2025-04-05,1.24718160800461,0.91843692214628,1.0256430232915394,1.0955069943886475,0.9177362434081002,0,0,1.0409009582478357,2.7524248692724185,2.7524248692724185,0.20144904812878092,0.20144904812878092,0.4187900169998799,0.4187900169998799,-0.07435702719431869,0.0,-0.5550247805582476,0.0,0.6745327868802158,0,"top contributors: respiratory_visits_index=2.75, school_absence_index=0.42"
2025-04-06,1.288451150011776,0.9870834808901549,1.036719222932023,1.15119165132826,1.0732749582262986,0,0,1.1073440926777027,3.334354445060754,3.334354445060754,1.2851368289217677,1.2851368289217677,0.617812114076778,0.617812114076778,1.081515939814671,1.081515939814671,1.906571786996334,1.906571786996334,1.645078222974061,0,"top contributors: respiratory_visits_index=3.33, wastewater_proxy_index=1.91"
2025-04-07,1.203539859037438,0.9721929683960392,1.076380778807054,1.1565861597721196,1.0008701459899936,0,0,1.0819139824005288,2.137045506479446,2.137045506479446,1.0500679961223627,1.0500679961223627,1.3304686460817066,1.3304686460817066,1.1934923229559191,1.1934923229559191,0.760674204624971,0.760674204624971,1.294349735252881,0,"top contributors: respiratory_visits_index=2.14, school_absence_index=1.33"
2025-04-08,1.2908957540733832,0.8250152529733604,1.0035301155213237,1.218795919912289,0.9371711739451434,0,0,1.0550816432851,3.3688250821299652,3.3688250821299652,-1.2733506096619491,0.0,0.021455423931435763,0.021455423931435763,2.4848099673855972,2.4848099673855972,-0.24744246347040158,0.0,1.1750180946893996,0,"top contributors: respiratory_visits_index=3.37, symptom_search_index=2.48"
2025-04-09,1.1911515457611346,0.9682131269545028,1.0382076816840389,1.2343211990852123,0.9122927027987352,0,0,1.0688372512567248,1.9623615739957636,1.9623615739957636,0.9872402940699073,0.9872402940699073,0.6445574050478721,0.6445574050478721,2.8070755875313846,2.8070755875313846,-0.6411756844989115,0.0,1.2802469721289855,0,"top contributors: symptom_search_index=2.81, respiratory_visits_index=1.96"
2025-04-10,1.1723180740566157,0.9501919609208662,0.9691671114426044,1.0779094076861573,0.981586348096134,0,0,1.0302345804404758,1.6967963734483646,1.6967963734483646,0.7027494501929573,0.7027494501929573,-0.5959943653096456,0.0,-0.4396385225272924,0.0,0.4554837524573216,0.4554837524573216,0.5710059152197287,0,"top contributors: respiratory_visits_index=1.70, otc_cold_flu_index=0.70"
2025-04-11,1.2540581884171829,0.9526582902856552,1.0607007385651102,1.1074467715238063,0.9870854487353296,0,0,1.0723898875054168,2.8493894908247492,2.8493894908247492,0.7416841185134027,0.7416841185134027,1.0487226869536541,1.0487226869536541,0.17348261807113594,0.17348261807113594,0.5425139640281401,0.5425139640281401,1.0711585756782163,0,"top contributors: respiratory_visits_index=2.85, school_absence_index=1.05"
2025-04-12,1.2164552056582618,0.8877723642353753,0.98646647403347,1.1737175761609602,0.9497563473241954,0,0,1.0428335934824524,2.3191609798934794,2.3191609798934794,-0.2826364955537926,0.0,-0.28515169971307225,0.0,1.5490972988815068,1.5490972988815068,-0.04826620289653452,0.0,0.7736516557549973,0,"top contributors: respiratory_visits_index=2.32, symptom_search_index=1.55"
2025-04-13,1.2592254599690091,0.9194486218173584,0.9512570292483546,1.1027989194119094,0.9828193835062348,0,0,1.0431098827905732,2.9222516549266744,2.9222516549266744,0.21742022849734913,0.21742022849734913,-0.9178107132283776,0.0,0.07700493631719614,0.07700493631719614,0.47499809483005545,0.47499809483005545,0.7383349829142551,0,"top contributors: respiratory_visits_index=2.92, wastewater_proxy_index=0.47"
2025-04-14,1.3507767627703666,0.9138643138431302,1.013900792352043,1.037939371762599,0.9374645705056605,0,0,1.05078916224676,4.213189431575923,4.213189431575923,0.1292636416765133,0.1292636416765133,0.20780037237500076,0.20780037237500076,-1.2693156105000383,0.0,-0.2427990924155145,0.0,0.9100506891254876,0,"top contributors: respiratory_visits_index=4.21, school_absence_index=0.21"
2025-04-15,1.1830467761948165,0.9710477655464104,1.052543865979224,1.1772784400602874,0.9875626737445672,0,0,1.074295904305061,1.8480786213337064,1.8480786213337064,1.0319892700014732,1.0319892700014732,0.9021563609280181,0.9021563609280181,1.6230118481781655,1.6230118481781655,0.5500666524122743,0.5500666524122743,1.1910605505707275,0,"top contributors: respiratory_visits_index=1.85, symptom_search_index=1.62"
2025-04-16,1.1788028206778047,0.9167213530195508,0.939022122071525,1.129638205049219,0.9137729090805558,0,0,1.015591481979731,1.7882358628836519,1.7882358628836519,0.17436624407040519,0.17436624407040519,-1.1376529843060696,0.0,0.6341207816323905,0.6341207816323905,-0.6177495509677124,0.0,0.5193445777172896,0,"top contributors: respiratory_visits_index=1.79, symptom_search_index=0.63"
2025-04-17,1.2056372620378142,0.8880791938040723,1.2034319420207242,1.2944852309676471,1.1024042571490036,0,1,1.1388075771958523,2.1666203643262856,2.1666203643262856,-0.27779273556833556,0.0,3.6133806339104093,3.6133806339104093,4.055929075388703,4.055929075388703,2.367579725291401,2.367579725291401,2.44070195978336,1,"top contributors: symptom_search_index=4.06, school_absence_index=3.61"
2025-04-18,1.206111733124554,0.9536712478833024,1.1575164975103838,1.1915707879733384,1.127956847147728,1,1,1.127365422727861,2.173310740443919,2.173310740443919,0.7576751571192472,0.7576751571192472,2.788351440569962,2.788351440569962,1.919684926467906,1.919684926467906,2.7719817283972534,2.7719817283972534,2.0822007985996573,0,"top contributors: school_absence_index=2.79, wastewater_proxy_index=2.77"
2025-04-19,1.1601568765213144,0.8393216293834392,1.1179405283419974,1.2676517286447129,1.2021466755804693,0,1,1.1174434876943866,1.5253149326907416,1.5253149326907416,-1.0475032316328095,0.0,2.0772327686967773,2.0772327686967773,3.4989332770867008,3.4989332770867008,3.946129446095457,3.946129446095457,2.209522084913935,0,"top contributors: wastewater_proxy_index=3.95, symptom_search_index=3.50"
2025-04-20,1.148251897449148,0.8389123745294969,1.1592096175135047,1.1600383544645587,1.0122556764065702,0,1,1.0637335840726558,1.357446352515273,1.357446352515273,-1.0539639267144425,0.0,2.8187741762158915,2.8187741762158915,1.26515117372642,1.26515117372642,0.9408646004758834,0.9408646004758834,1.2764472605866937,0,"top contributors: school_absence_index=2.82, respiratory_visits_index=1.36"
2025-04-21,1.185841115453272,0.7606648268211185,1.0968284574705414,1.2621098909467559,1.0265861591517935,0,1,1.0664060899686962,1.8874807707202772,1.8874807707202772,-2.2892175633164675,0.0,1.6978816595748545,1.6978816595748545,3.3838987103914886,3.3838987103914886,1.1676625856480902,1.1676625856480902,1.627384745266942,0,"top contributors: symptom_search_index=3.38, respiratory_visits_index=1.89"
2025-04-22,1.1719108605480826,0.925196127401652,1.1067217088111936,1.1129807771451516,0.9993865102788312,1,1,1.063239196836982,1.6910543764997479,1.6910543764997479,0.3081531317296497,0.3081531317296497,1.8756480137970033,1.8756480137970033,0.2883546106188437,0.2883546106188437,0.7371937960439465,0.7371937960439465,0.9800807857378382,0,"top contributors: school_absence_index=1.88, respiratory_visits_index=1.69"
2025-04-23,1.0927544567668537,0.8925233922690982,1.1470294577603173,1.1923262921730138,1.074297220073081,3,1,1.0797861638084731,0.574893395955245,0.574893395955245,-0.20763446893275997,0.0,2.5999156312732,2.5999156312732,1.9353672872627938,1.9353672872627938,1.9227503715765313,1.9227503715765313,1.4065853372135542,0,"top contributors: school_absence_index=2.60, symptom_search_index=1.94"
2025-04-24,1.1424791824397462,0.890149176084962,0.9299985389465216,1.040674216169346,0.8448579837364447,0,0,0.9696318194754042,1.2760470097267134,1.2760470097267134,-0.2451149940281109,0.0,-1.299792752004179,0.0,-1.2125471415452476,0.0,-1.7084152664368724,0.0,0.2552094019453427,0,top contributors: respiratory_visits_index=1.28
2025-04-25,1.1536798211294614,0.8801857574098183,0.9792689432594228,0.9893840020789256,0.8801314349381782,1,0,0.9765299917631612,1.4339838949999408,1.4339838949999408,-0.4024023405572086,0.0,-0.41448014402809713,0.0,-2.277202563657525,0.0,-1.150168359835635,0.0,0.2867967789999882,0,top contributors: respiratory_visits_index=1.43
2025-04-26,1.1079937365947894,0.857010006771254,0.9265035769733408,1.0781732348496502,0.9069507164564714,0,0,0.9753262543291012,0.7897779624970921,0.7897779624970921,-0.7682659502892597,0.0,-1.362591788107151,0.0,-0.43416213633755885,0.0,-0.7257193639256715,0.0,0.15795559249941843,0,top contributors: respiratory_visits_index=0.79
2025-04-27,1.1855403689955266,0.8691583367323824,0.9217886664122928,1.0620988372133708,0.8653951214030978,0,0,0.9807962661513342,1.8832400340882784,1.8832400340882784,-0.5764865373541456,0.0,-1.4473114047489488,0.0,-0.7678260701726483,0.0,-1.3833891297176675,0.0,0.3766480068176557,0,top contributors: respiratory_visits_index=1.88
2025-04-28,1.1440793559577749,0.854483696358256,0.903070618340664,1.002301188763156,0.8739200557745022,0,0,0.9555709830388706,1.29861058206712,1.29861058206712,-0.8081475084496722,0.0,-1.7836456440475748,0.0,-2.009074362485305,0.0,-1.2484712784816887,0.0,0.259722116413424,0,top contributors: respiratory_visits_index=1.30
2025-04-29,1.252064403949788,0.8670427267016079,1.0581786457534372,1.0750868977552486,0.9066954967262684,2,0,1.0318136341772701,2.8212757271894984,2.8212757271894984,-0.6098845806242754,0.0,1.003404598015723,1.003404598015723,-0.498226706554174,0.0,-0.729758538433281,0.0,0.7649360650410443,0,"top contributors: respiratory_visits_index=2.82, school_absence_index=1.00"
2025-04-30,1.2310043603648329,0.8910721258998902,0.9788731710820496,1.0639536969698793,0.8349982268238794,0,0,0.999980316228106,2.524314296714966,2.524314296714966,-0.2305448618171935,0.0,-0.4215915550952656,0.0,-0.7293238620605278,0.0,-1.8644583699256876,0.0,0.5048628593429931,0,top contributors: respiratory_visits_index=2.52
2025-05-01,1.2444653242884522,0.9755914755781888,1.009757334717937,1.1549499697506227,0.877726089146333,0,0,1.0524980386963068,2.714123357945008,2.714123357945008,1.1037184743637265,1.1037184743637265,0.13334887689319422,0.13334887689319422,1.1595291467655884,1.1595291467655884,-1.1882359943272078,0.0,1.0221439711935034,0,"top contributors: respiratory_visits_index=2.71, symptom_search_index=1.16"
2025-05-02,1.2290815176226069,0.9394274497761984,1.0070744872734785,1.0770164627481866,0.9393280567695936,2,0,1.038385594838013,2.4972008613127277,2.4972008613127277,0.5328156704501045,0.5328156704501045,0.08514227698848101,0.08514227698848101,-0.4581738062401308,0.0,-0.2133070691829404,0.0,0.6230317617502626,0,"top contributors: respiratory_visits_index=2.50, otc_cold_flu_index=0.53"
2025-05-03,1.2706084402521791,0.9198542457243016,1.0226679360033226,1.1029346525730848,0.9769348906847384,0,0,1.0586000330475254,3.0827596849465353,3.0827596849465353,0.2238236036933576,0.2238236036933576,0.3653323211920527,0.3653323211920527,0.07982241424292655,0.07982241424292655,0.38186856532271585,0.38186856532271585,0.8267213178795176,0,"top contributors: respiratory_visits_index=3.08, wastewater_proxy_index=0.38"
2025-05-04,1.1931355055380448,0.9039463716062086,1.0254988692666738,1.2149947524876379,0.9689256928123591,0,0,1.0613002383421848,1.9903368025834236,1.9903368025834236,-0.027305791801775416,0.0,0.41619979316299816,0.41619979316299816,2.4059073232695667,2.4059073232695667,0.25511289542690413,0.25511289542690413,1.0135113628885786,0,"top contributors: symptom_search_index=2.41, respiratory_visits_index=1.99"
2025-05-05,1.2508812125120383,0.9098661858561509,1.1060544745872036,1.287822030788923,0.8969725168809449,0,0,1.0903192841250522,2.8045918955316025,2.8045918955316025,0.06614725937246194,0.06614725937246194,1.8636588515563197,1.8636588515563197,3.917617853166234,3.917617853166234,-0.8836369721185915,0.0,1.730403171925324,0,"top contributors: symptom_search_index=3.92, respiratory_visits_index=2.80"
2025-05-06,1.3374240222621927,1.028632673170553,0.9930839525130916,1.2822943489261558,0.9683799047936532,0,0,1.1219629803331292,4.024906396639791,4.024906396639791,1.9410524756781091,1.9410524756781091,-0.16624589382981614,0.0,3.802877125889645,3.802877125889645,0.24647511084041626,0.24647511084041626,2.0030622218095924,0,"top contributors: respiratory_visits_index=4.02, symptom_search_index=3.80"
2025-05-07,1.2216561692125052,0.9785935301238838,0.975743776407879,1.1722694498728876,1.0355725948074759,0,0,1.0767671040849265,2.3924982249321065,2.3924982249321065,1.1511103595211747,1.1511103595211747,-0.47782191486219383,0.0,1.5190378512492198,1.5190378512492198,1.30988427746568,1.30988427746568,1.2745061426336362,0,"top contributors: respiratory_visits_index=2.39, symptom_search_index=1.52"
2025-05-08,1.37589217770352,0.9590707540561558,0.9993024890753568,1.184736858890609,1.0255303265772429,0,0,1.108906521260577,4.5673344510496126,4.5673344510496126,0.8429143733146213,0.8429143733146213,-0.05450845431600839,0.0,1.7778298030045505,1.7778298030045505,1.1509527019097288,1.1509527019097288,1.6678062658557025,0,"top contributors: respiratory_visits_index=4.57, symptom_search_index=1.78"
2025-05-09,1.2482569278607665,0.9383841340329871,0.9863925154243891,1.2636130962034755,0.9937996579012852,0,0,1.0860892662845807,2.7675876357412394,2.7675876357412394,0.5163453834740966,0.5163453834740966,-0.28648062099960886,0.0,3.4151014584301866,3.4151014584301866,0.6487748024057644,0.6487748024057644,1.4695618560102575,0,"top contributors: symptom_search_index=3.42, respiratory_visits_index=2.77"
2025-05-10,1.3719214464368257,0.8978064943275023,1.0679207427510835,1.1610099807985734,0.9512822190272572,0,0,1.0899881766682484,4.511344346744707,4.511344346744707,-0.12423286439295995,0.0,1.1784549435612703,1.1784549435612703,1.2853196846815933,1.2853196846815933,-0.024117356410463687,0.0,1.3950237949975142,0,"top contributors: respiratory_visits_index=4.51, symptom_search_index=1.29"
2025-05-11,1.287007180658789,0.9451543447384341,1.0674561445328878,1.1037728808442375,1.0231300379292634,1,0,1.0853041177407223,3.3139934613384465,3.3139934613384465,0.623223204433204,0.623223204433204,1.170106835484062,1.170106835484062,0.09722191802111939,0.09722191802111939,1.1129651031057095,1.1129651031057095,1.2635021044765085,0,"top contributors: respiratory_visits_index=3.31, school_absence_index=1.17"
2025-05-12,1.3604011402553144,0.9852990119502442,0.9912731712130828,1.1605189632805504,0.9567245025624176,1,0,1.090843357852322,4.348899924948252,4.348899924948252,1.2569663390855474,1.2569663390855474,-0.1987828201558972,0.0,1.2751274000092432,1.2751274000092432,0.0620136527435494,0.0620136527435494,1.3886014633573183,0,"top contributors: respiratory_visits_index=4.35, symptom_search_index=1.28"
2025-05-13,1.317570380562638,0.913289111786504,0.9678939790331792,1.1694115449969862,0.9197512719863378,0,0,1.057583257673129,3.7449560814637852,3.7449560814637852,0.12018322378435743,0.12018322378435743,-0.6188705764835802,0.0,1.4597149574776016,1.4597149574776016,-0.5231344088426805,0.0,1.064970852545149,0,"top contributors: respiratory_visits_index=3.74, symptom_search_index=1.46"
2025-05-14,1.2216971844314897,0.9114151228622168,1.0020775995973883,1.0795360612323628,0.929414047109549,0,0,1.0288280030466015,2.3930765683743562,2.3930765683743562,0.09059952817379527,0.09059952817379527,-0.004644030267873247,0.0,-0.40587329950028794,0.0,-0.3702087909079387,0.0,0.4967352193096303,0,"top contributors: respiratory_visits_index=2.39, otc_cold_flu_index=0.09"
2025-05-15,1.3470903727433436,0.9005913371138458,1.0639614227477665,1.0161957732489302,1.0323970257479602,0,0,1.0720471863203689,4.161208738786957,4.161208738786957,-0.08026998913434802,0.0,1.1073121151873082,1.1073121151873082,-1.7206578492553593,0.0,1.2596268871685237,1.2596268871685237,1.3056295482285578,0,"top contributors: respiratory_visits_index=4.16, wastewater_proxy_index=1.26"
2025-05-16,1.3420853577761307,0.9054797183999086,0.8872172232880674,1.013796229126754,0.9610090019100846,0,0,1.021917506100189,4.09063450667702,4.09063450667702,-0.003099637633864614,0.0,-2.0685065197602266,0.0,-1.7704663303774868,0.0,0.12982126514561027,0.12982126514561027,0.844091154364526,0,"top contributors: respiratory_visits_index=4.09, wastewater_proxy_index=0.13"
2025-05-17,1.2520768194345688,0.8087064013769251,1.0127486031279247,1.1249561153114611,0.9979825914931328,0,0,1.0392941061488026,2.8214507942593126,2.8214507942593126,-1.5308100295837115,0.0,0.18709732231663292,0.18709732231663292,0.5369324131585828,0.5369324131585828,0.7149750084704486,0.7149750084704486,0.8520911076409954,0,"top contributors: respiratory_visits_index=2.82, wastewater_proxy_index=0.71"
2025-05-18,1.22776525494532,0.8654528303895006,0.9407003251790246,1.0252123707198315,0.9065098254668932,1,0,0.993128121340114,2.478640631560564,2.478640631560564,-0.6349834528428658,0.0,-1.107498282096229,0.0,-1.5334960376576205,0.0,-0.7326970205681353,0.0,0.49572812631211277,0,top contributors: respiratory_visits_index=2.48
2025-05-19,1.2209838315180706,0.824364249963918,1.0181032757699522,1.0491986362926753,0.9686937748492184,0,0,1.0162687536787671,2.383017790445072,2.383017790445072,-1.2836276580603172,0.0,0.2833124694760859,0.2833124694760859,-1.035601689754659,0.0,0.2514425008072193,0.2514425008072193,0.5835545521456754,0,"top contributors: respiratory_visits_index=2.38, school_absence_index=0.28"
2025-05-20,1.1697907978228712,0.9026131414013964,0.9271572493458342,1.059247093625898,0.8842538461961812,0,0,0.988612425678436,1.661160000591416,1.661160000591416,-0.04835280870075542,0.0,-1.3508463112651337,0.0,-0.8270210711434858,0.0,-1.0849259961282482,0.0,0.3322320001182832,0,top contributors: respiratory_visits_index=1.66
2025-05-21,1.2656473056850908,0.8129726435598286,0.9539423507599888,1.074794623673203,0.9005594121667054,0,0,1.0015832671689635,3.0128041973486046,3.0128041973486046,-1.4634610668954886,0.0,-0.8695596581807817,0.0,-0.5042935789919459,0.0,-0.8268698248914453,0.0,0.6025608394697209,0,top contributors: respiratory_visits_index=3.01
2025-05-22,1.1787708821098783,0.8755931724525062,0.9017065753226112,1.0114297629039406,1.0286668002156172,0,0,0.9992334386009109,1.7877855066068253,1.7877855066068253,-0.4749031081348237,0.0,-1.8081553775994812,0.0,-1.8195881977754695,0.0,1.2005913577998206,1.2005913577998206,0.5976753728813292,0,"top contributors: respiratory_visits_index=1.79, wastewater_proxy_index=1.20"
2025-05-23,1.4722434080892768,0.9205286464957148,1.099682090134939,1.0583173655623204,1.0977527221902637,1,1,1.1297048464945028,5.925954583430341,5.925954583430341,0.23447002047973398,0.23447002047973398,1.7491570045117337,1.7491570045117337,-0.8463198797277675,0.0,2.2939633108721487,2.2939633108721487,2.0407089838587913,0,"top contributors: respiratory_visits_index=5.93, wastewater_proxy_index=2.29"
2025-05-24,1.363403835838856,0.8286269607952954,1.1461117158917578,0.9749908060062338,1.1105634363229386,0,1,1.0847393509710164,4.391240045099051,4.391240045099051,-1.2163344429954062,0.0,2.583425235904341,2.583425235904341,-2.5759689952676936,0.0,2.496709038672299,2.496709038672299,1.8942748639351386,0,"top contributors: respiratory_visits_index=4.39, school_absence_index=2.58"
2025-05-25,1.4742407271593996,0.8166620224812982,1.0879678385234417,1.0098210892860682,1.0896636775285269,0,1,1.095671070995747,5.954118187450678,5.954118187450678,-1.4052187466820438,0.0,1.5386701049360574,1.5386701049360574,-1.852980202859666,0.0,2.1659439647087124,2.1659439647087124,1.9317464514190896,0,"top contributors: respiratory_visits_index=5.95, wastewater_proxy_index=2.17"
2025-05-26,1.398194832622079,0.8610741903443759,1.081017295444448,0.9761812356602482,1.1048655124416509,2,1,1.0842666133025605,4.881817575516008,4.881817575516008,-0.7041067825511573,0.0,1.4137796457257834,1.4137796457257834,-2.5512586795034555,0.0,2.4065321982325445,2.4065321982325445,1.7404258838948672,0,"top contributors: respiratory_visits_index=4.88, wastewater_proxy_index=2.41"
2025-05-27,1.5054538640244333,0.8582824383928144,1.0352542828402425,1.1143996055473426,1.1865338046886869,0,1,1.1399847990987042,6.394245375965115,6.394245375965115,-0.7481787292338771,0.0,0.5914894168862586,0.5914894168862586,0.31780590806861714,0.31780590806861714,3.6990360491761987,3.6990360491761987,2.200515350019238,0,"top contributors: respiratory_visits_index=6.39, wastewater_proxy_index=3.70"
2025-05-28,1.4597069579947008,0.8174032085046359,1.049739583183512,1.0560544681509223,1.1509118870693584,0,1,1.1067632209806255,5.749181817593456,5.749181817593456,-1.3935180256046409,0.0,0.8517677564504177,0.8517677564504177,-0.8932919199396011,0.0,3.135274221492694,3.135274221492694,1.9472447591073134,0,"top contributors: respiratory_visits_index=5.75, wastewater_proxy_index=3.14"
2025-05-29,1.5246775334428522,0.9002687187734242,1.1444632152602114,1.0263565124407246,1.0623078852295296,0,1,1.1316147730293484,6.665312638786042,6.665312638786042,-0.08536299830730631,0.0,2.5538042410349657,2.5538042410349657,-1.5097465425850085,0.0,1.7330040082184133,1.7330040082184133,2.1904241776078845,0,"top contributors: respiratory_visits_index=6.67, school_absence_index=2.55"
2025-05-30,1.5284415545413637,0.9891327479879758,1.1566413972704794,1.0638880503772123,1.1102206058275494,1,1,1.169664871200916,6.7183879842971415,6.7183879842971415,1.3174875505620978,1.3174875505620978,2.7726272490104593,2.7726272490104593,-0.7306865196759327,0.0,2.4912833131756633,2.4912833131756633,2.6599572194090726,1,"top contributors: respiratory_visits_index=6.72, school_absence_index=2.77"
2025-05-31,1.4765661018353229,0.8870944002367137,1.1131980880629395,1.0866962911566036,1.1414099181377324,0,1,1.1409929598858624,5.98690760630282,5.98690760630282,-0.2933391631690529,0.0,1.9920184857986722,1.9920184857986722,-0.25724499393356665,0.0,2.9848935645968186,2.9848935645968186,2.192763931339662,0,"top contributors: respiratory_visits_index=5.99, wastewater_proxy_index=2.98"
2025-06-01,1.3022986722653078,0.9014992448825612,1.0045647905136634,1.157000829218379,0.9654566595960142,0,0,1.066164039295185,3.529614250689762,3.529614250689762,-0.06593731794080905,0.0,0.04004692584115542,0.04004692584115542,1.2020998143102373,1.2020998143102373,0.2002110642778649,0.2002110642778649,0.9943944110238039,0,"top contributors: respiratory_visits_index=3.53, symptom_search_index=1.20"
2025-06-02,1.3085273789209189,0.8705306508337904,0.9713970806339548,1.0335468676103432,1.0353578656767717,0,0,1.043871968735156,3.6174433964840222,3.6174433964840222,-0.5548225231585543,0.0,-0.5559252839202763,0.0,-1.360492912940337,0.0,1.3064859178243955,1.3064859178243955,0.9847858628616836,0,"top contributors: respiratory_visits_index=3.62, wastewater_proxy_index=1.31"
2025-06-03,1.3534207751426437,0.948870396712706,1.0208604546770743,1.0800881876675332,0.9940480460253353,0,0,1.0794575720450583,4.250471866111086,4.250471866111086,0.6818865983599895,0.6818865983599895,0.3328546902668696,0.3328546902668696,-0.3944125479062422,0.0,0.6527058581194339,0.6527058581194339,1.183583802571476,0,"top contributors: respiratory_visits_index=4.25, otc_cold_flu_index=0.68"
2025-06-04,1.3486882440543435,0.8792672989913526,1.0281788578376916,1.1308199923409223,1.026316800204714,1,0,1.082654238685805,4.183739848388635,4.183739848388635,-0.41690156941107387,0.0,0.46435502355416847,0.46435502355416847,0.658651703762627,0.658651703762627,1.163399640179202,1.163399640179202,1.2940292431769265,0,"top contributors: respiratory_visits_index=4.18, wastewater_proxy_index=1.16"
2025-06-05,1.3642859465056651,0.8931508713943543,1.0862634976635046,1.3142921790385478,0.9365135346854128,0,0,1.118901205857497,4.4036784260737045,4.4036784260737045,-0.19772877994870047,0.0,1.5080457479283758,1.5080457479283758,4.467071337770471,4.467071337770471,-0.2578504351855736,0.0,2.0757591023545103,0,"top contributors: symptom_search_index=4.47, respiratory_visits_index=4.40"
2025-06-06,1.3191557870968167,1.0172425285047182,1.1127115988259004,1.2258168027251708,1.039045787203395,0,0,1.1427945008712004,3.767311428943204,3.767311428943204,1.7612421425500695,1.7612421425500695,1.9832770301276337,1.9832770301276337,2.630545778539981,2.630545778539981,1.3648519328834592,1.3648519328834592,2.3014456626088693,0,"top contributors: respiratory_visits_index=3.77, symptom_search_index=2.63"
2025-06-07,1.3532194552484058,0.9104205731708912,1.0343013147380191,1.1649184757186593,1.1025480425604912,0,0,1.1130815722872929,4.247633113972008,4.247633113972008,0.07489908568107996,0.07489908568107996,0.574366060833821,0.574366060833821,1.366450176779595,1.366450176779595,2.3698553109923375,2.3698553109923375,1.7266407496517684,0,"top contributors: respiratory_visits_index=4.25, wastewater_proxy_index=2.37"
2025-06-08,1.4782646290694834,1.0097611046071902,1.0091286377676951,1.2143255514111662,1.036382515490186,1,0,1.1495724876691442,6.010858035233394,6.010858035233394,1.6431367661256877,1.6431367661256877,0.12205216958163176,0.12205216958163176,2.392016397540675,2.392016397540675,1.3227022949919343,1.3227022949919343,2.2981531326946643,0,"top contributors: respiratory_visits_index=6.01, symptom_search_index=2.39"
2025-06-09,1.3605228604910264,1.0294770651016691,1.0354429754613277,1.2919222393510714,1.0083284987792032,0,0,1.1451387278368597,4.350616265903051,4.350616265903051,1.9543824551365818,1.9543824551365818,0.5948799300920751,0.5948799300920751,4.002727836715666,4.002727836715666,0.8787120555033773,0.8787120555033773,2.3562637086701503,1,"top contributors: respiratory_visits_index=4.35, symptom_search_index=4.00"
2025-06-10,1.3365773429215806,0.961463745485766,1.0103361651412002,1.2083291934659564,0.9992686288020404,3,0,1.1031950151633088,4.012967622290766,4.012967622290766,0.8806912935166442,0.8806912935166442,0.1437495601987479,0.1437495601987479,2.267547137419454,2.267547137419454,0.7353281728196213,0.7353281728196213,1.6080567572490465,0,"top contributors: respiratory_visits_index=4.01, symptom_search_index=2.27"
2025-06-11,1.3983179026669432,0.9692856803692752,1.0000284403892457,1.1315216267885189,1.075028063574215,0,0,1.1148363427576395,4.883552949729458,4.883552949729458,1.004172141071493,1.004172141071493,-0.04146423720585317,0.0,0.6732158644358013,0.6732158644358013,1.9343168928501207,1.9343168928501207,1.6990515696173745,0,"top contributors: respiratory_visits_index=4.88, wastewater_proxy_index=1.93"
2025-06-12,1.4413864301612247,1.0305285213127175,1.0211654040148133,1.2150371507583722,0.9318546179404956,1,0,1.1279944248375249,5.490849486488303,5.490849486488303,1.9709812514754255,1.9709812514754255,0.33833415602850037,0.33833415602850037,2.4067874043849593,2.4067874043849593,-0.33158367569238517,0.0,2.0413904596754375,0,"top contributors: respiratory_visits_index=5.49, symptom_search_index=2.41"
2025-06-13,1.2858377163220036,0.9129408319089591,0.9745372884769394,1.1589355681894342,0.963968240969936,2,0,1.0592439291734546,3.297503191461282,3.297503191461282,0.11468510917384059,0.11468510917384059,-0.4995006283115192,0.0,1.2422601133543092,1.2422601133543092,0.17665496002870162,0.17665496002870162,0.9662206748036267,0,"top contributors: respiratory_visits_index=3.30, symptom_search_index=1.24"
2025-06-14,1.334206842852858,0.8819927648387141,1.0325607376789112,1.1552496310582328,0.9829901408061632,0,0,1.0774000234469758,3.9795419036540425,3.9795419036540425,-0.37387604723196166,0.0,0.5430905956317085,0.5430905956317085,1.1657493593656345,1.1657493593656345,0.4777005447241544,0.4777005447241544,1.233216480675108,0,"top contributors: respiratory_visits_index=3.98, symptom_search_index=1.17"
2025-06-15,1.2983973723032551,0.8323384467608531,0.9958433780326372,1.0695066560431656,0.98720005539066,2,0,1.0366571817061143,3.474603176625839,3.474603176625839,-1.1577431302907701,0.0,-0.11666330490462128,0.0,-0.6140584436764375,0.0,0.5443277590675948,0.5443277590675948,0.8037861871386868,0,"top contributors: respiratory_visits_index=3.47, wastewater_proxy_index=0.54"
2025-06-16,1.2273160910182088,0.8904422993315226,1.0016838646416877,1.2004825462016857,0.9181538435553279,0,0,1.0476157289496866,2.472307104197507,2.472307104197507,-0.240487608673671,0.0,-0.01171883562706896,0.0,2.104670539934779,2.104670539934779,-0.5484157309063489,0.0,0.9153955288264572,0,"top contributors: respiratory_visits_index=2.47, symptom_search_index=2.10"
2025-06-17,1.3382074040168552,0.9511799585336704,0.9764129328381408,1.1732904097941617,0.9458427108687232,0,0,1.07698668321031,4.035952630496516,4.035952630496516,0.7183464584048818,0.7183464584048818,-0.46579821356157564,0.0,1.5402304029907177,1.5402304029907177,-0.1102044417247741,0.0,1.2589058983784231,0,"top contributors: respiratory_visits_index=4.04, symptom_search_index=1.54"
2025-06-18,1.28780498388886,0.9150637949416648,0.9473984120182046,1.091636329167307,0.9078902338224052,0,0,1.0299587507676882,3.325243048144067,3.325243048144067,0.14819923048911504,0.14819923048911504,-0.9871440692428943,0.0,-0.15470227020337937,0.0,-0.7108503152399874,0.0,0.6946884557266364,0,"top contributors: respiratory_visits_index=3.33, otc_cold_flu_index=0.15"
2025-06-19,1.2821205061764387,0.8112793277023681,0.9323558245909502,1.087550962854462,0.920352605017149,0,0,1.0067318452682736,3.2450879133186485,3.2450879133186485,-1.4901925700812422,0.0,-1.2574359917803295,0.0,-0.23950416610924385,0.0,-0.5136175543005025,0.0,0.6490175826637297,0,top contributors: respiratory_visits_index=3.25
2025-06-20,1.2331023940749657,0.8087338081964417,0.9558679436756408,0.9160105185929382,0.9018262035996522,0,0,0.9631081736279278,2.553898048013084,2.553898048013084,-1.5303773722740948,0.0,-0.8349597455186132,0.0,-3.800250934929819,0.0,-0.8068212508319639,0.0,0.5107796096026168,0,top contributors: respiratory_visits_index=2.55
2025-06-21,1.2886546868462336,0.8215322736204234,0.9400073258510816,1.0697865184365818,0.8472696033250552,0,0,0.9934500816158752,3.3372244576165686,3.3372244576165686,-1.3283346064507022,0.0,-1.1199504032205165,0.0,-0.6082492065757588,0.0,-1.6702483411892919,0.0,0.6674448915233138,0,top contributors: respiratory_visits_index=3.34
2025-06-22,1.237473380896172,0.8589201779841438,0.9695751775136522,1.0167479082999649,0.9012072697711504,0,0,0.9967847828930166,2.6155320372199267,2.6155320372199267,-0.73811106356938,0.0,-0.5886620520756886,0.0,-1.7091969188177125,0.0,-0.8166166602228937,0.0,0.5231064074439853,0,top contributors: respiratory_visits_index=2.62
2025-06-23,1.2592930879457,0.8340412025041926,0.9600418560573636,1.0544287658831777,0.9461205251254148,0,0,1.01078508750317,2.923205256974895,2.923205256974895,-1.1308626045004415,0.0,-0.759961025543443,0.0,-0.9270373968261519,0.0,-0.10580768030438363,0.0,0.584641051394979,0,top contributors: respiratory_visits_index=2.92
2025-06-24,1.216502439087312,0.8574635323596255,0.9074654694312848,1.0724714955375148,0.8559983726407489,0,0,0.9819802618112972,2.319827004472222,2.319827004472222,-0.7611063759800973,0.0,-1.7046769987733323,0.0,-0.5525158570577366,0.0,-1.532104544568611,0.0,0.4639654008944444,0,top contributors: respiratory_visits_index=2.32
2025-06-25,1.219912829686835,0.8663395462903436,0.9680438358257564,1.0171686648410236,0.8963761931796049,1,0,0.9935682139647126,2.367915911165402,2.367915911165402,-0.620985326726105,0.0,-0.616177882772019,0.0,-1.7004630747351412,0.0,-0.8930745476963873,0.0,0.4735831822330804,0,top contributors: respiratory_visits_index=2.37
2025-06-26,1.3593250067268092,0.8434452104393434,0.9165597902952738,0.9450646645544024,0.9475680515999424,1,0,1.002392544723154,4.333725685126886,4.333725685126886,-0.9824063865008382,0.0,-1.5412661838196344,0.0,-3.1971601781202916,0.0,-0.08289874598982121,0.0,0.8667451370253773,0,top contributors: respiratory_visits_index=4.33
2025-06-27,1.2816219445896786,0.8650753287914744,0.95182948488753,1.079751935739396,0.8682930525526027,0,0,1.0093143493121364,3.2380578442028516,3.2380578442028516,-0.6409428756674995,0.0,-0.9075245748875909,0.0,-0.4013922894580282,0.0,-1.337525709931997,0.0,0.6476115688405704,0,top contributors: respiratory_visits_index=3.24
2025-06-28,1.3380450863717264,0.8875523668485571,0.9719563899082542,1.0262319425521191,0.9396085580077695,0,0,1.032678868737685,4.0336638375083025,4.0336638375083025,-0.28610948071523107,0.0,-0.5458753653291775,0.0,-1.512332299140867,0.0,-0.20886778288759134,0.0,0.8067327675016605,0,top contributors: respiratory_visits_index=4.03
2025-06-29,1.3396775429962104,0.8841584601375466,0.9086726012508372,1.0652187126976609,0.8870137478930755,0,0,1.0169482129950662,4.056682624361181,4.056682624361181,-0.3396873336939361,0.0,-1.6829867156461251,0.0,-0.7030653276105511,0.0,-1.041247066725983,0.0,0.8113365248722362,0,top contributors: respiratory_visits_index=4.06
